<?xml version="1.0" encoding="UTF-8"?>
<DOCUMENT>
	<softid>0</softid>
	<softname><![CDATA[360安全卫士 10.1.0.2027 官方正式版]]></softname>
	<version>10.1.0.2027</version>
	<softsize></softsize>
	<softexp>17044</softexp>
	<language>简体中文</language>
	<describe><![CDATA[　　360安全卫士官方下载最新版，拥有查杀流行木马、修复系统漏洞、系统实时保护、清理恶评及系统插件、管理应用软件等多个强大的功能，是国内最受欢迎免费安全软件。它还提供使用痕迹清理、弹出插件免疫以及系统还原等特定辅助功能。目前木马威胁之大已远超病毒，360安全卫士运用云安全技术，在拦截和查杀木马的效果、速度以及专业性上表现出色，能有效防止个人数据和隐私被木马窃取，被誉为“防范木马的第一选择”。360安全卫士下载最新版内置的360木马防火墙依靠抢先侦测和云端鉴别，能够智能拦截各类木马，在木马盗取用户账号、隐私等重要信息之前将其“歼灭”，有效解决传统安全软件查杀木马的滞后性缺陷。360安全卫士提供对系统的全面诊断报告，方便用户及时了解问题所在，真正为每一位用户提供全方位系统安全保护。360安全卫士下载最新版，查杀速度快、内存占用小、查杀能力强、能侦测未知木马，还有更多创新功能，带给您更贴心的产品体验。]]></describe>
	<downsrc><![CDATA[http://dl.360safe.com/p/Setup_oemjmxt.exe]]></downsrc>
</DOCUMENT>